id	date	name	type	size
0	10/25/2007-01:57-PM	GUwpMsOHFS	Error-400	1282
1	07/01/2005-06:12-PM	vuKoNJfRmq	Error-404	1448
2	10/25/2006-03:18-AM	oUOoRRFWRA	Error-403	3839
3	05/24/2010-05:28-PM	qVormkiMdZ	Error-404	2775
4	07/04/2003-05:23-PM	JeDrcguTvG	Error-403	1407
5	03/18/2008-07:38-PM	eZAlZTZdDI	Error-404	1644
6	04/01/2003-02:53-PM	TZSYmnthAL	Error-400	1180
7	10/15/2004-06:36-PM	cTUSBjZqUm	Error-400	3680
8	10/05/2008-06:22-PM	YtwzgEueqC	Error-400	2379
9	12/13/2007-03:58-PM	FCNcmISzGV	Error-400	573
10	11/10/2008-10:32-AM	FzXYFgNbiY	Error-404	3261
11	07/16/2003-08:54-PM	wSpdYZnEQp	Error-500	3965
12	09/16/2005-05:02-AM	hUFSQMfrAi	Error-500	2624
13	09/25/2006-09:01-PM	NAidSATpCU	Error-400	3695
14	04/03/2009-12:15-AM	tNcRHykLRh	Error-400	1893
15	08/21/2009-12:34-AM	cHeYAnfDXd	Error-403	2803
16	06/27/2007-01:05-AM	gLNSNDJahM	Error-404	1168
17	07/01/2001-03:09-PM	xyFdsgvKZm	Error-500	2588
18	02/14/2002-06:09-PM	KxzJBjzzhb	Error-403	1799
19	02/22/2005-05:19-PM	tUJigMRKfZ	Error-403	1277
20	05/14/2003-07:47-AM	vpiNxFxtaZ	Error-400	3033
21	05/24/2005-04:17-AM	GQMelLQxfu	Error-500	3117
22	10/08/2006-12:44-AM	rvatWPzldA	Error-500	3921
23	11/26/2008-08:39-PM	zHXPOhrtru	Error-500	735
24	09/11/2003-07:25-PM	vtksxRULTX	Error-403	66
25	07/14/2004-08:12-AM	srGIxawMtn	Error-400	819
26	06/01/2001-08:47-PM	wgPFLorpve	Error-403	63
27	01/18/2002-02:27-PM	gQtNUMcZWe	Error-400	762
28	02/12/2005-09:27-PM	RsgaZFBDlU	Error-500	915
29	07/03/2002-02:53-AM	tRkJgpIibh	Error-403	2619
30	06/15/2002-02:43-PM	BLjCITkYzp	Error-500	3825
31	09/03/2004-02:42-PM	tjPVnXZqro	Error-404	2093
32	01/07/2006-07:54-PM	kRThGutkVS	Error-400	1576
33	08/18/2002-05:19-PM	NzkOPiiVuq	Error-403	3801
34	10/04/2009-02:50-PM	pGsDAaqOzI	Error-403	3258
35	12/07/2007-01:37-PM	ttsGgdsfYH	Error-500	3944
36	10/17/2004-01:20-PM	EErNJUwxFj	Error-400	2726
37	06/10/2001-12:29-AM	UAKxLNvyJl	Error-500	2505
38	02/03/2009-11:03-PM	tqqqigIouH	Error-500	1006
39	04/19/2002-06:38-PM	qXWufnTiZm	Error-404	2169
40	01/02/2004-04:35-AM	pebSsbAszC	Error-403	761
41	11/22/2009-05:55-AM	hrjrovJDrW	Error-500	174
42	08/30/2001-05:29-AM	ujiHnVAZUL	Error-500	25
43	08/14/2000-08:40-AM	gHHascnmaW	Error-404	1142
44	02/14/2001-09:17-AM	wvuSaZCCxZ	Error-403	1865
45	01/26/2006-11:21-AM	FVCVzDlPYy	Error-404	2731
46	01/05/2002-04:24-AM	rjpNTuNNDx	Error-500	2333
47	03/14/2000-02:45-PM	REWxyCvVVn	Error-404	580
48	07/07/2007-11:39-AM	MjYIFLdgLH	Error-403	1948
49	12/09/2005-06:03-PM	UEuHJvCZLv	Error-400	3000
50	11/27/2007-05:50-PM	VsOqGcXfVl	Error-500	3508
51	06/27/2006-07:56-PM	ulmEqrgmSG	Error-403	3999
52	04/21/2000-02:05-PM	XycSunvlJU	Error-403	2932
53	01/22/2010-12:50-PM	KqAhqPKrsU	Error-403	2923
54	11/13/2003-04:43-AM	qhGUdgbJmj	Error-400	211
55	02/24/2011-06:32-AM	qGuNVAmGMA	Error-400	3738
56	10/12/2001-02:26-PM	klQrviPfoy	Error-404	1066
57	07/09/2003-07:13-AM	UfPGRsjvPX	Error-500	3913
58	04/22/2010-08:38-AM	NWBVBbDujV	Error-500	2500
59	03/21/2000-02:31-AM	bMeeqbHgwG	Error-404	3081
60	06/04/2010-04:24-AM	JHuKnMRERd	Error-400	693
61	10/02/2008-10:07-PM	ESScyOyopw	Error-500	1311
62	07/24/2011-04:44-AM	zkgeBlPwan	Error-404	2657
63	07/13/2000-11:30-AM	bLhFuIinKx	Error-400	2524
64	11/08/2001-04:08-AM	YtFMpahdRd	Error-404	2083
65	05/09/2007-05:34-PM	AesYfLdzua	Error-400	518
66	04/01/2008-09:46-AM	CVOqjwMqyf	Error-500	1233
67	02/18/2001-06:06-AM	UnIHcXtUsB	Error-400	2647
68	07/23/2010-11:36-AM	ZGovwZCgcx	Error-403	1067
69	06/15/2005-05:47-AM	rtaLWwmzej	Error-403	3673
70	11/06/2004-03:52-PM	yTHFiXIzzX	Error-500	246
71	10/16/2004-05:57-AM	KpTFjVuUOL	Error-403	3456
72	12/05/2007-03:14-AM	dnjUdquRut	Error-403	352
73	06/07/2006-08:46-PM	umxjoFrlPd	Error-400	2179
74	07/25/2003-05:27-AM	kCfaVSLaOz	Error-403	1446
75	02/24/2004-10:51-PM	NQvhwNCEIm	Error-403	1465
76	08/07/2001-06:20-PM	FjPVQmgzzC	Error-404	1346
77	02/25/2007-08:59-PM	aURCsbACYr	Error-403	2320
78	12/26/2002-09:39-AM	EKLgZsvgrJ	Error-403	3362
79	03/16/2009-09:03-PM	DkqPWLJwVn	Error-404	3035
80	01/08/2006-01:19-AM	ytrCAxCcUn	Error-403	3934
81	04/26/2005-01:57-AM	fHxzUPAZqH	Error-500	2592
82	06/03/2006-07:04-PM	KdRNQDJVUJ	Error-403	1208
83	11/26/2003-09:12-PM	bNnAPPwVuw	Error-404	3705
84	11/21/2005-01:27-AM	qVLYOdfuAn	Error-403	84
85	01/01/2008-07:14-AM	wwNTAHOPJk	Error-403	3387
86	02/28/2003-05:30-PM	YJrsuAHhAA	Error-500	1192
87	06/14/2004-07:38-PM	aZHVyQNtmA	Error-500	2965
88	08/04/2001-03:13-AM	LaetFvhBoy	Error-404	3659
89	12/14/2007-04:40-PM	mDZUNPEOgw	Error-400	1338
90	03/29/2009-04:01-PM	yGgxJuudoo	Error-403	1351
91	04/17/2010-03:49-PM	licRzHBNql	Error-403	2413
92	08/15/2009-06:42-AM	hOzbByivpU	Error-400	3907
93	01/28/2003-01:40-PM	jbMPackmjx	Error-404	3489
94	04/22/2002-10:59-PM	weGJRgSfrJ	Error-500	2469
95	06/14/2009-05:55-AM	lqIuOgnTxN	Error-500	2379
96	11/29/2008-04:35-AM	sMwBnoJogt	Error-400	854
97	04/23/2004-04:43-PM	JsmJHoyZcq	Error-400	2098
98	06/04/2008-05:27-PM	rOBPxsfzVv	Error-500	3989
99	01/10/2000-04:26-AM	KQQrSnWkOv	Error-403	2628
